Name;Label
9b_atm_eti/20220401_113934_atm.jpg;0
32a_atm_red/20220419_200853_atm.jpg;0
28_NMZ/1650548503868_nmz.jpg;2
48_NMZ/1650548729725_nmz.jpg;0
31a_atm_chelm/20220419_183033_atm.jpg;2
8_NMZ/IMG_20220410_144639_nmz.jpg;0
17c_morenash/20220404_131448_atm.jpg;0
9d_atm_kampus/20220401_140141_atm.jpg;2
32a_atm_red/20220419_200337_atm.jpg;0
7_atm_shop1/20220331_173201_atm.jpg;2
9_NMZ/IMG_20220410_223332_nmz.jpg;0
9b_atm_eti/20220401_113812_atm.jpg;2
19b_atm_kombi/20220404_173958_atm.jpg;1
50_NMZ/1650548686025_nmz.jpg;1
45_NMZ/1650548729733_nmz.jpg;0
19a_atm_home/20220404_152212_atm.jpg;2
19b_atm_kombi/20220404_155401_atm.jpg;2
19a_atm_home/20220404_152457_atm.jpg;1
18b_atm_forest/20220404_142527_atm.jpg;2
17c_morenash/20220404_131230_atm.jpg;0
9b_atm_eti/20220401_104240_atm.jpg;2
31a_atm_chelm/20220419_182818_atm.jpg;2
19a_atm_home/20220404_152340_atm.jpg;2
8_NMZ/IMG_20220410_143027_nmz.jpg;1
9_NMZ/IMG_20220410_214553_nmz.jpg;0
8_NMZ/IMG_20220410_143155_nmz.jpg;2
28_atm_home/20220416_210145_atm.jpg;2
17c_morenash/20220404_125737_atm.jpg;2
8_NMZ/IMG_20220410_143928_nmz.jpg;1
19b_atm_kombi/20220404_165614_atm.jpg;2
18b_atm_forest/20220404_142220_atm.jpg;0
7_atm_shop1/20220331_181016_atm.jpg;1
46_NMZ/1650548729607_nmz.jpg;0
31a_atm_chelm/20220419_182356_atm.jpg;2
18a_atm_forest/20220404_143011_atm.jpg;0
9_NMZ/IMG_20220410_212348_nmz.jpg;2
59_NMZ/1650548685919_nmz.jpg;1
55_NMZ/1650548686001_nmz.jpg;1
30_NMZ/1650548503843_nmz.jpg;2
8_NMZ/IMG_20220410_144550_nmz.jpg;0
17c_morenash/20220404_125715_atm.jpg;2
19b_atm_kombi/20220404_170132_atm.jpg;0
32a_atm_red/20220413_193837_atm.jpg;0
9d_atm_kampus/20220401_114511_atm.jpg;2
9d_atm_kampus/20220401_134625_atm.jpg;2
47_NMZ/1650548729761_nmz.jpg;0
19b_atm_kombi/20220404_154509_atm.jpg;2
7_atm_shop1/20220331_181045_atm.jpg;2
51_NMZ/1650548686007_nmz.jpg;1
7_NMZ/IMG_20220409_161640_nmz.jpg;1
9b_atm_eti/20220401_114104_atm.jpg;2
31a_atm_chelm/20220419_182535_atm.jpg;2
19b_atm_kombi/20220404_171321_atm.jpg;1
9d_atm_kampus/20220401_140806_atm.jpg;0
8_NMZ/IMG_20220410_144515_nmz.jpg;0
7_atm_shop1/20220331_174121_atm.jpg;1
9_NMZ/IMG_20220410_212906_nmz.jpg;1
8_NMZ/IMG_20220410_144949_nmz.jpg;1
9d_atm_kampus/20220401_140412_atm.jpg;0
17c_morenash/20220404_125644_atm.jpg;1
9_NMZ/IMG_20220410_211708_nmz.jpg;2
7_atm_shop1/20220331_181147_atm.jpg;2
7_atm_shop1/20220331_181332_atm.jpg;2
31c_atm_chelm/20220419_183941_atm.jpg;2
7_NMZ/IMG_20220409_171354_nmz.jpg;2
7_NMZ/IMG_20220409_171450_nmz.jpg;1
18a_atm_forest/20220404_142416_atm.jpg;1
31b_atm_chelm/20220419_183102_atm.jpg;2
32_NMZ/1650548503941_nmz.jpg;2
18b_atm_forest/20220404_142207_atm.jpg;0
19b_atm_kombi/20220404_155734_atm.jpg;1
7_NMZ/IMG_20220409_161305_nmz.jpg;1
19a_atm_home/20220404_152117_atm.jpg;2
9b_atm_eti/20220401_132100_atm.jpg;1
7_atm_shop1/20220331_172958_atm.jpg;0
7_atm_shop1/20220331_172550_atm.jpg;2
7_NMZ/IMG_20220410_140240_nmz.jpg;2
19b_atm_kombi/20220404_154135_atm.jpg;2
8_NMZ/IMG_20220410_143356_nmz.jpg;2
9_NMZ/IMG_20220410_213932_nmz.jpg;0
46_NMZ/1650548729563_nmz.jpg;0
18_NMZ/1650548604253_nmz.jpg;2
31a_atm_chelm/20220419_182608_atm.jpg;2
9b_atm_eti/20220401_114028_atm.jpg;0
19b_atm_kombi/20220404_153630_atm.jpg;2
8_NMZ/IMG_20220410_144306_nmz.jpg;2
18a_atm_forest/20220404_142436_atm.jpg;1
9d_atm_kampus/20220401_134647_atm.jpg;2
54_NMZ/1650548685972_nmz.jpg;0
56_NMZ/1650548686013_nmz.jpg;1
19b_atm_kombi/20220404_154756_atm.jpg;2
56_NMZ/1650548685907_nmz.jpg;1
19b_atm_kombi/20220404_165933_atm.jpg;1
18a_atm_forest/20220404_142240_atm.jpg;0
18a_atm_forest/20220404_143220_atm.jpg;1
56_NMZ/1650548685947_nmz.jpg;1
9b_atm_eti/20220401_120133_atm.jpg;1
18b_atm_forest/20220404_142644_atm.jpg;0
56_NMZ/1650548685931_nmz.jpg;1
8_NMZ/IMG_20220410_141746_nmz.jpg;0
7_atm_shop1/20220331_181338_atm.jpg;2
17c_morenash/20220404_131214_atm.jpg;0
50_NMZ/1650548686042_nmz.jpg;1
55_NMZ/1650548685995_nmz.jpg;1
57_NMZ/1650548686019_nmz.jpg;1
55_NMZ/1650548686083_nmz.jpg;1
19a_atm_home/20220404_151326_atm.jpg;1
48_NMZ/1650548729666_nmz.jpg;0
9d_atm_kampus/20220401_140628_atm.jpg;2
52_NMZ/1650548686049_nmz.jpg;1
51_NMZ/1650548685983_nmz.jpg;1
8_NMZ/IMG_20220410_144454_nmz.jpg;0
8_NMZ/IMG_20220410_144901_nmz.jpg;1
7_atm_shop1/20220331_173329_atm.jpg;2
32a_atm_red/20220419_194533_atm.jpg;2
7_NMZ/IMG_20220410_140438_nmz.jpg;2
9d_atm_kampus/20220401_125559_atm.jpg;0
19a_atm_home/20220404_152017_atm.jpg;2
17c_morenash/20220404_131109_atm.jpg;1
18b_atm_forest/20220404_142340_atm.jpg;2
9b_atm_eti/20220401_114046_atm.jpg;1
55_NMZ/1650548686030_nmz.jpg;1
9d_atm_kampus/20220401_140208_atm.jpg;2
18a_atm_forest/20220404_142715_atm.jpg;0
7_NMZ/IMG_20220410_135907_nmz.jpg;1
19b_atm_kombi/20220404_171436_atm.jpg;2
50_NMZ/1650548685989_nmz.jpg;1
9_NMZ/IMG_20220410_213812_nmz.jpg;0
7_NMZ/IMG_20220409_175421_nmz.jpg;2
9b_atm_eti/20220401_114159_atm.jpg;2
9_NMZ/IMG_20220410_213004_nmz.jpg;1
28_atm_home/20220416_211743_atm.jpg;2
7_NMZ/IMG_20220410_135940_nmz.jpg;1
52_NMZ/1650548685961_nmz.jpg;1
19a_atm_home/20220404_150334_atm.jpg;0
17c_morenash/20220404_131023_atm.jpg;0
9a_atm_pg/20220401_134818_atm.jpg;1
31c_atm_chelm/20220419_183731_atm.jpg;0
9b_atm_eti/20220401_135152_atm.jpg;0
9b_atm_eti/20220401_113704_atm.jpg;2
28_atm_home/20220416_211653_atm.jpg;2
7_atm_shop1/20220331_172432_atm.jpg;2
8_NMZ/IMG_20220410_143133_nmz.jpg;1
17e_atm_shopmorena/20220404_130844_atm.jpg;1
32a_atm_red/20220414_131606_atm.jpg;0
9d_atm_kampus/20220401_133036_atm.jpg;0
48_NMZ/1650548729769_nmz.jpg;0
52_NMZ/1650548685978_nmz.jpg;1
9_NMZ/IMG_20220410_214408_nmz.jpg;0
18a_atm_forest/20220404_142737_atm.jpg;0
28_atm_home/20220416_212127_atm.jpg;2
18a_atm_forest/20220404_142301_atm.jpg;1
31a_atm_chelm/20220419_182453_atm.jpg;2
9b_atm_eti/20220401_113855_atm.jpg;0
31a_atm_chelm/20220419_180545_atm.jpg;2
17c_morenash/20220404_131510_atm.jpg;2
57_NMZ/1650548686071_nmz.jpg;1
9_NMZ/IMG_20220410_212421_nmz.jpg;2
7_NMZ/IMG_20220410_113857_nmz.jpg;1
19a_atm_home/20220404_152309_atm.jpg;2
31b_atm_chelm/20220419_183305_atm.jpg;1
32a_atm_red/20220419_201024_atm.jpg;0
19a_atm_home/20220404_152512_atm.jpg;2
8_NMZ/IMG_20220410_144736_nmz.jpg;0
18a_atm_forest/20220404_142148_atm.jpg;0
17c_morenash/20220404_130931_atm.jpg;1
48_NMZ/1650548729754_nmz.jpg;0
19_NMZ/1650548503925_nmz.jpg;2
9d_atm_kampus/20220401_140938_atm.jpg;0
18a_atm_forest/20220404_142303_atm.jpg;2
19a_atm_home/20220404_152429_atm.jpg;2
17c_morenash/20220404_131122_atm.jpg;1
28_atm_home/20220416_210244_atm.jpg;2
19a_atm_home/20220404_152713_atm.jpg;2
32a_atm_red/20220419_193656_atm.jpg;0
52_NMZ/1650548686060_nmz.jpg;1
29_NMZ/1650548503896_nmz.jpg;2
7_atm_shop1/20220331_181507_atm.jpg;0
49_NMZ/1650548685902_nmz.jpg;1
32_NMZ/1650548503809_nmz.jpg;2
19a_atm_home/20220404_152234_atm.jpg;2
32a_atm_red/20220414_131235_atm.jpg;0
18a_atm_forest/20220404_142454_atm.jpg;1
45_NMZ/1650548729717_nmz.jpg;0
9b_atm_eti/20220401_114242_atm.jpg;2
17c_morenash/20220404_131006_atm.jpg;1
7_atm_shop1/20220331_172733_atm.jpg;1
30_atm_home/20220416_211911_atm.jpg;2
9_NMZ/IMG_20220410_212556_nmz.jpg;2
54_NMZ/1650548685936_nmz.jpg;1
8_NMZ/IMG_20220410_142108_nmz.jpg;0
17c_morenash/20220404_131417_atm.jpg;0
47_NMZ/1650548729649_nmz.jpg;0
7_atm_shop1/20220331_181430_atm.jpg;2
18b_atm_forest/20220404_143018_atm.jpg;1
28_atm_home/20220416_204908_atm.jpg;2
17d_morenahall/20220404_125146_atm.jpg;2
30_NMZ/1650548503885_nmz.jpg;2
58_NMZ/1650548685911_nmz.jpg;1
8_NMZ/IMG_20220410_141549_nmz.jpg;0
18b_atm_forest/20220404_143117_atm.jpg;2
50_NMZ/1650548686036_nmz.jpg;1
19b_atm_kombi/20220404_170252_atm.jpg;0
8_NMZ/IMG_20220410_142253_nmz.jpg;2
19b_atm_kombi/20220404_154258_atm.jpg;2
7_atm_shop1/20220331_181117_atm.jpg;2
18b_atm_forest/20220404_143205_atm.jpg;2
32a_atm_red/20220419_193224_atm.jpg;0
8_NMZ/IMG_20220410_141840_nmz.jpg;0
8_NMZ/IMG_20220410_145636_nmz.jpg;1
31b_atm_chelm/20220419_183423_atm.jpg;2
18b_atm_forest/20220404_143141_atm.jpg;2
17c_morenash/20220404_131142_atm.jpg;2
47_NMZ/1650548729624_nmz.jpg;0
17c_morenash/20220404_131310_atm.jpg;0
7_NMZ/IMG_20220410_140410_nmz.jpg;2
9d_atm_kampus/20220401_133112_atm.jpg;1
28_atm_home/20220416_204855_atm.jpg;1
17c_morenash/20220404_131240_atm.jpg;0
18b_atm_forest/20220404_143024_atm.jpg;2
9_NMZ/IMG_20220410_211541_nmz.jpg;2
49_NMZ/1650548685954_nmz.jpg;1
57_NMZ/1650548686066_nmz.jpg;1
47_NMZ/1650548729591_nmz.jpg;0
49_NMZ/1650548685893_nmz.jpg;1
31a_atm_chelm/20220419_182422_atm.jpg;2
19a_atm_home/20220404_151531_atm.jpg;2
19b_atm_kombi/20220404_161404_atm.jpg;0
31c_atm_chelm/20220419_183456_atm.jpg;1
9_NMZ/IMG_20220410_211741_nmz.jpg;2
7_atm_shop1/20220331_172638_atm.jpg;2
51_NMZ/1650548686076_nmz.jpg;1
31a_atm_chelm/20220419_182639_atm.jpg;1
19a_atm_home/20220404_151748_atm.jpg;2
17c_morenash/20220404_131655_atm.jpg;2
18b_atm_forest/20220404_142542_atm.jpg;0
18b_atm_forest/20220404_142400_atm.jpg;2
19b_atm_kombi/20220404_165652_atm.jpg;1
49_NMZ/1650548685942_nmz.jpg;1
31b_atm_chelm/20220419_183119_atm.jpg;2
15_jlk_bluetriangletrans/IMG_1688_jlk.jpg;2
16_jlk_typicalorangepencilgum/IMG_1207_jlk.jpg;2
14_jlk_roundgumnocolor/IMG_1434_jlk.jpg;1
16_jlk_typicalorangepencilgum/IMG_1144_jlk.jpg;2
43_jlk_roundpandagum/IMG_1379_jlk.jpg;1
17_jlk_redtriangle/IMG_1131_jlk.jpg;0
16_jlk_typicalorangepencilgum/IMG_1007_jlk.jpg;2
41_jlk_ovalgum/IMG_1376_jlk.jpg;1
17_jlk_redtriangle/IMG_1222_jlk.jpg;0
30_jlk_linikawithkropka/IMG_1093_jlk.jpg;0
55_jlk_blackemptypen/IMG_1363_jlk.jpg;2
14_jlk_roundgumnocolor/IMG_1430_jlk.jpg;1
4_jkl_uniqruler/IMG_1009_jlk.jpg;0
27_jlk_yellowwhitepencil/IMG_1194_jlk.jpg;2
16_jlk_typicalorangepencilgum/IMG_1465_jlk.jpg;2
2_jlk_yellowlinijka/IMG_1171_jlk.jpg;0
3_jlk_jellowekeir/IMG_1046_jlk.jpg;0
54_jlk_differentpencils/IMG_1074_jlk.jpg;1
17_jlk_redtriangle/IMG_1079_jlk.jpg;0
15_jlk_bluetriangletrans/IMG_1658_jlk.jpg;0
3_jlk_jellowekeir/IMG_1067_jlk.jpg;0
55_jlk_blackemptypen/IMG_1368_jlk.jpg;2
40_jlk_yellowblackandpinkpens/IMG_1319_jlk.jpg;1
40_jlk_greengum/IMG_1380_jlk.jpg;1
16_jlk_typicalorangepencilgum/IMG_1664_jlk.jpg;2
54_jlk_differentpencils/IMG_1654_jlk.jpg;2
16_jlk_typicalorangepencilgum/IMG_1447_jlk.jpg;2
16_jlk_typicalorangepencilgum/IMG_1296_jlk.jpg;2
2_jlk_yellowlinijka/IMG_1053_jlk.jpg;0
28_jlk_traingebroken/IMG_1438_jlk.jpg;2
16_jlk_typicalorangepencilgum/IMG_1058_jlk.jpg;2
3_jlk_jellowekeir/IMG_1152_jlk.jpg;0
54_jlk_differentpencils/IMG_1100_jlk.jpg;2
27_jlk_yellowwhitepencil/IMG_1230_jlk.jpg;2
17_jlk_redtriangle/IMG_1202_jlk.jpg;0
2_jlk_yellowlinijka/IMG_1217_jlk.jpg;2
3_jlk_jellowekeir/IMG_1223_jlk.jpg;0
41_jlk_ovalgum/IMG_1390_jlk.jpg;1
17_jlk_redtriangle/IMG_1062_jlk.jpg;0
16_jlk_typicalorangepencilgum/IMG_1238_jlk.jpg;2
54_jlk_differentpencils/IMG_1669_jlk.jpg;2
29_jlk_whalepen/IMG_1335_jlk.jpg;2
16_jlk_typicalorangepencilgum/IMG_1213_jlk.jpg;1
28_jlk_traingebroken/IMG_1437_jlk.jpg;0
40_jlk_greengum/IMG_1388_jlk.jpg;1
16_jlk_typicalorangepencilgum/IMG_1700_jlk.jpg;2
16_jlk_typicalorangepencilgum/IMG_1239_jlk.jpg;2
56_jlk_bialynierownypen/IMG_1349_jlk.jpg;2
14_jlk_roundgumnocolor/IMG_1248_jlk.jpg;1
3_jlk_jellowekeir/IMG_1082_jlk.jpg;0
4_jkl_uniqruler/IMG_1018_jlk.jpg;0
15_jlk_bluetriangletrans/IMG_1674_jlk.jpg;0
17_jlk_redtriangle/IMG_1443_jlk.jpg;0
17_jlk_redtriangle/IMG_1178_jlk.jpg;2
27_jlk_yellowwhitepencil/IMG_1165_jlk.jpg;2
1_jlk_blue_ekier/IMG_1011_jlk.jpg;0
16_jlk_typicalorangepencilgum/IMG_1083_jlk.jpg;2
27_jlk_yellowwhitepencil/IMG_1138_jlk.jpg;2
15_jlk_bluetriangletrans/IMG_1693_jlk.jpg;0
4_jkl_uniqruler/IMG_1463_jlk.jpg;0
14_jlk_roundgumnocolor/IMG_1386_jlk.jpg;1
16_jlk_typicalorangepencilgum/IMG_1449_jlk.jpg;2
17_jlk_redtriangle/IMG_1233_jlk.jpg;0
3_jlk_jellowekeir/IMG_1081_jlk.jpg;0
16_jlk_typicalorangepencilgum/IMG_1685_jlk.jpg;2
17_jlk_redtriangle/IMG_1186_jlk.jpg;0
3_jlk_jellowekeir/IMG_1170_jlk.jpg;0
15_jlk_bluetriangletrans/IMG_1672_jlk.jpg;2
14_jlk_roundgumnocolor/IMG_1371_jlk.jpg;0
40_jlk_greengum/IMG_1375_jlk.jpg;1
17_jlk_redtriangle/IMG_1151_jlk.jpg;0
43_jlk_roundpandagum/IMG_1389_jlk.jpg;1
1_jlk_blue_ekier/IMG_1461_jlk.jpg;0
14_jlk_roundgumnocolor/IMG_1105_jlk.jpg;1
28_jlk_traingebroken/IMG_1426_jlk.jpg;0
29_jlk_whalepen/IMG_1304_jlk.jpg;2
27_jlk_yellowwhitepencil/IMG_1218_jlk.jpg;2
14_jlk_roundgumnocolor/IMG_1102_jlk.jpg;1
16_jlk_typicalorangepencilgum/IMG_1192_jlk.jpg;2
16_jlk_typicalorangepencilgum/IMG_1142_jlk.jpg;2
27_jlk_yellowwhitepencil/IMG_1153_jlk.jpg;2
43_jlk_roundpandagum/IMG_1384_jlk.jpg;1
15_jlk_bluetriangletrans/IMG_1675_jlk.jpg;0
2_jlk_yellowlinijka/IMG_1156_jlk.jpg;0
2_jlk_yellowlinijka/IMG_1189_jlk.jpg;0
40_jlk_yellowblackandpinkpens/IMG_1340_jlk.jpg;1
15_jlk_bluetriangletrans/IMG_1694_jlk.jpg;0
2_jlk_yellowlinijka/IMG_1203_jlk.jpg;0
16_jlk_typicalorangepencilgum/IMG_1038_jlk.jpg;2
16_jlk_typicalorangepencilgum/IMG_1448_jlk.jpg;2
15_jlk_bluetriangletrans/IMG_1687_jlk.jpg;0
54_jlk_differentpencils/IMG_1653_jlk.jpg;2
15_jlk_bluetriangletrans/IMG_1660_jlk.jpg;0
1_jlk_blue_ekier/IMG_1455_jlk.jpg;2
16_jlk_typicalorangepencilgum/IMG_1235_jlk.jpg;2
14_jlk_roundgumnocolor/IMG_1282_jlk.jpg;0
2_jlk_yellowlinijka/IMG_1073_jlk.jpg;0
2_jlk_yellowlinijka/IMG_1237_jlk.jpg;0
4_jkl_uniqruler/IMG_1299_jlk.jpg;0
27_jlk_yellowwhitepencil/IMG_1059_jlk.jpg;2
40_jlk_greengum/IMG_1385_jlk.jpg;1
30_jlk_linikawithkropka/IMG_1441_jlk.jpg;0
30_jlk_linikawithkropka/IMG_1427_jlk.jpg;0
15_jlk_bluetriangletrans/IMG_1640_jlk.jpg;0
16_jlk_typicalorangepencilgum/IMG_1649_jlk.jpg;2
1_jlk_blue_ekier/IMG_1039_jlk.jpg;0
43_jlk_roundpandagum/IMG_1374_jlk.jpg;1
1_jlk_blue_ekier/IMG_1298_jlk.jpg;0
41_jlk_ovalgum/IMG_1381_jlk.jpg;1
3_jlk_jellowekeir/IMG_1444_jlk.jpg;2
41_jlk_ovalgum/IMG_1373_jlk.jpg;0
54_jlk_differentpencils/IMG_1191_jlk.jpg;2
17_jlk_redtriangle/IMG_1047_jlk.jpg;2
16_jlk_typicalorangepencilgum/IMG_1168_jlk.jpg;2
14_jlk_roundgumnocolor/IMG_1378_jlk.jpg;1
28_jlk_traingebroken/IMG_1090_jlk.jpg;0
56_jlk_bialynierownypen/IMG_1327_jlk.jpg;2
40_jlk_yellowblackandpinkpens/IMG_1336_jlk.jpg;1
3_jlk_jellowekeir/IMG_1130_jlk.jpg;0
40_jlk_yellowblackandpinkpens/IMG_1346_jlk.jpg;2
2_jlk_yellowlinijka/IMG_1134_jlk.jpg;0
57_jlk_bialoszarypen/IMG_1365_jlk.jpg;2
3_jlk_jellowekeir/IMG_1182_jlk.jpg;0
16_jlk_typicalorangepencilgum/IMG_1683_jlk.jpg;2
40_jlk_yellowblackandpinkpens/IMG_1332_jlk.jpg;2
16_jlk_typicalorangepencilgum/IMG_1022_jlk.jpg;2
29_jlk_whalepen/IMG_1356_jlk.jpg;2
29_jlk_whalepen/IMG_1347_jlk.jpg;2
1_jlk_blue_ekier/IMG_1030_jlk.jpg;0
3_jlk_jellowekeir/IMG_1199_jlk.jpg;0
4_jkl_uniqruler/IMG_1029_jlk.jpg;0
40_jlk_yellowblackandpinkpens/IMG_1358_jlk.jpg;2
29_jlk_whalepen/IMG_1324_jlk.jpg;2
29_jlk_whalepen/IMG_1334_jlk.jpg;2
3_jlk_jellowekeir/IMG_1232_jlk.jpg;0
16_jlk_typicalorangepencilgum/IMG_1668_jlk.jpg;2
14_jlk_roundgumnocolor/IMG_1253_jlk.jpg;1
54_jlk_differentpencils/IMG_1092_jlk.jpg;2
15_jlk_bluetriangletrans/IMG_1638_jlk.jpg;0
57_jlk_bialoszarypen/IMG_1369_jlk.jpg;2
40_jlk_yellowblackandpinkpens/IMG_1314_jlk.jpg;2
16_jlk_typicalorangepencilgum/IMG_1063_jlk.jpg;2
15_jlk_bluetriangletrans/IMG_1641_jlk.jpg;0
4_jkl_uniqruler/IMG_1451_jlk.jpg;0
40_jlk_yellowblackandpinkpens/IMG_1322_jlk.jpg;2
1_jlk_blue_ekier/IMG_1015_jlk.jpg;0
28_jlk_traingebroken/IMG_1005_jlk.jpg;0
29_jlk_whalepen/IMG_1325_jlk.jpg;2
14_jlk_roundgumnocolor/IMG_1372_jlk.jpg;1
8_jlk_bluepencil/IMG_1301_jlk.jpg;2
78_NMZ/1650548802961_nmz.jpg;0
24_jlk_rectanglegum/IMG_1259_jlk.jpg;0
79_NMZ/1650548802858_nmz.jpg;1
24_jlk_rectanglegum/IMG_1244_jlk.jpg;1
20d_poolpair/20220404_210445_atm.jpg;2
20c_atm_poolg/20220404_210204_atm.jpg;1
25_jlk_darkruller/IMG_1212_jlk.jpg;0
24_jlk_rectanglegum/IMG_1377_jlk.jpg;1
83_NMZ/1650548802864_nmz.jpg;0
11_atm_localshop/20220401_155115_atm.jpg;2
9_jlk_whitetringledominik/IMG_1214_jlk.jpg;0
32d_atm_spectrum/20220419_194151_atm.jpg;0
11_NMZ/IMG_20220410_234616_nmz.jpg;0
21_atm_forum/20220405_183725_atm.jpg;2
71_NMZ/1650548634702_nmz.jpg;2
9g_atm_eti/20220401_131825_atm.jpg;2
24_jlk_rectanglegum/IMG_1098_jlk.jpg;1
6_yellow_gum/IMG_1033_jlk.jpg;1
9_jlk_whitetringledominik/IMG_1211_jlk.jpg;0
9_jlk_whitetringledominik/IMG_1445_jlk.jpg;0
10_atm_home/20220401_092207_atm.jpg;1
9g_atm_eti/20220401_131850_atm.jpg;2
32h_atm_town/20220419_195627_atm.jpg;2
11_NMZ/IMG_20220411_004753_nmz.jpg;1
22_atm_etilab/20220406_154351_atm.jpg;2
6_yellow_gum/IMG_1040_jlk.jpg;1
33_atm_home/20220419_222309_atm.jpg;1
24_jlk_rectanglegum/IMG_1243_jlk.jpg;1
11_atm_localshop/20220401_154522_atm.jpg;0
24_jlk_rectanglegum/IMG_1429_jlk.jpg;1
32b_atm_blue/20220414_131424_atm.jpg;0
77_NMZ/1650548634741_nmz.jpg;2
9e_atm_eti/20220401_140253_atm.jpg;2
9g_atm_eti/20220401_115001_atm.jpg;2
20e_atm_pooldark/20220404_210125_atm.jpg;2
67_NMZ/1650548634751_nmz.jpg;2
22_atm_etilab/20220406_154602_atm.jpg;1
7_jlk_whiterullerdoni/IMG_1002_jlk.jpg;0
20d_poolpair/20220404_211538_atm.jpg;1
20a_atm_poolstiff/20220404_211034_atm.jpg;0
12_atm_home/20220402_151326_atm.jpg;0
9g_atm_eti/20220401_120155_atm.jpg;2
44_jlk_greygum/IMG_1666_jlk.jpg;1
9g_atm_eti/20220401_140603_atm.jpg;0
24a_atm_auchan/20220410_163059_atm.jpg;0
5_jlk_redruler/IMG_1037_jlk.jpg;2
11_NMZ/IMG_20220410_234415_nmz.jpg;1
9_jlk_whitetringledominik/IMG_1231_jlk.jpg;0
24_jlk_whitetrianglewithlines/IMG_1050_jlk.jpg;2
7_jlk_whiterullerdoni/IMG_1001_jlk.jpg;0
80_NMZ/1650548802947_nmz.jpg;0
24_jlk_whitetrianglewithlines/IMG_1148_jlk.jpg;0
9f_atm_eti/20220401_132030_atm.jpg;1
10_NMZ/IMG_20220410_230316_nmz.jpg;0
9e_atm_eti/20220401_132820_atm.jpg;1
24a_atm_auchan/20220410_162758_atm.jpg;1
5_jlk_redruler/IMG_1025_jlk.jpg;0
22_jlk_colorfulpencil/IMG_1219_jlk.jpg;2
9e_atm_eti/20220401_132750_atm.jpg;2
32f_atm_grass/20220414_131338_atm.jpg;2
9f_atm_eti/20220401_125211_atm.jpg;2
12_atm_home/20220402_124518_atm.jpg;2
20b_atm_pooltr/20220404_210010_atm.jpg;0
9f_atm_eti/20220401_140120_atm.jpg;1
20a_atm_poolstiff/20220404_205849_atm.jpg;0
25_jlk_darkruller/IMG_1236_jlk.jpg;0
10_NMZ/IMG_20220410_224849_nmz.jpg;1
10_NMZ/IMG_20220410_225354_nmz.jpg;0
22_atm_etilab/20220406_154119_atm.jpg;0
12_atm_home/20220402_145404_atm.jpg;2
5_jlk_redruler/IMG_1456_jlk.jpg;0
10_NMZ/IMG_20220410_224013_nmz.jpg;2
7_jlk_whiterullerdoni/IMG_0998_jlk.jpg;0
24b_atm_auchan/20220410_162704_atm.jpg;1
9g_atm_eti/20220401_114448_atm.jpg;2
24_jlk_rectanglegum/IMG_1107_jlk.jpg;1
9f_atm_eti/20220401_114908_atm.jpg;1
23_jlk_shortblackpencil/IMG_1167_jlk.jpg;1
20c_atm_poolg/20220404_210749_atm.jpg;1
32b_atm_blue/20220414_132236_atm.jpg;0
33_atm_home/20220419_222050_atm.jpg;2
9e_atm_eti/20220401_134533_atm.jpg;2
46_jlk_usedmushroomgum/IMG_1679_jlk.jpg;1
20e_atm_pooldark/20220404_210308_atm.jpg;2
22_atm_etilab/20220406_155142_atm.jpg;2
32d_atm_spectrum/20220419_193442_atm.jpg;0
81_NMZ/1650548803007_nmz.jpg;0
81_NMZ/1650548802902_nmz.jpg;0
79_NMZ/1650548803022_nmz.jpg;0
32f_atm_grass/20220414_131732_atm.jpg;2
24a_atm_auchan/20220410_162401_atm.jpg;2
32h_atm_town/20220419_195548_atm.jpg;2
32d_atm_spectrum/20220419_195729_atm.jpg;0
9f_atm_eti/20220401_133426_atm.jpg;0
8_jlk_bluepencil/IMG_1008_jlk.jpg;2
9_jlk_whitetringledominik/IMG_1135_jlk.jpg;0
12_atm_home/20220402_133737_atm.jpg;2
22_jlk_colorfulpencil/IMG_1446_jlk.jpg;2
9g_atm_eti/20220401_114834_atm.jpg;2
10_NMZ/IMG_20220410_225018_nmz.jpg;1
24a_atm_auchan/20220410_155804_atm.jpg;2
33_atm_home/20220419_222443_atm.jpg;1
24_jlk_rectanglegum/IMG_1262_jlk.jpg;1
32c_atm_town/20220414_133107_atm.jpg;1
9g_atm_eti/20220401_115105_atm.jpg;2
24_jlk_rectanglegum/IMG_1099_jlk.jpg;1
32d_atm_spectrum/20220419_193821_atm.jpg;0
20c_atm_poolg/20220404_211247_atm.jpg;1
32b_atm_blue/20220419_202914_atm.jpg;0
74_NMZ/1650548634683_nmz.jpg;2
44_jlk_greygum/IMG_1656_jlk.jpg;1
24b_atm_auchan/20220410_162646_atm.jpg;0
24_jlk_rectanglegum/IMG_1263_jlk.jpg;0
24_jlk_rectanglegum/IMG_1648_jlk.jpg;1
11_atm_localshop/20220401_154632_atm.jpg;2
24_jlk_rectanglegum/IMG_1281_jlk.jpg;1
32g_atm_lake/20220414_172148_atm.jpg;2
24_jlk_rectanglegum/IMG_1254_jlk.jpg;1
24_jlk_whitetrianglewithlines/IMG_1229_jlk.jpg;0
32b_atm_blue/20220419_200257_atm.jpg;2
32b_atm_blue/20220419_193042_atm.jpg;0
25_jlk_darkruller/IMG_1157_jlk.jpg;0
9_jlk_whitetringledominik/IMG_1136_jlk.jpg;0
83_NMZ/1650548803029_nmz.jpg;0
9f_atm_eti/20220401_114406_atm.jpg;1
24_jlk_rectanglegum/IMG_1432_jlk.jpg;1
21_atm_forum/20220405_182856_atm.jpg;0
6_yellow_gum/IMG_1032_jlk.jpg;1
9f_atm_eti/20220401_115017_atm.jpg;2
80_NMZ/1650548803000_nmz.jpg;0
32f_atm_grass/20220414_132725_atm.jpg;2
24a_atm_auchan/20220410_155743_atm.jpg;2
9e_atm_eti/20220401_132857_atm.jpg;0
45_jlk_usedroundgum/IMG_1382_jlk.jpg;1
32c_atm_town/20220414_172607_atm.jpg;0
10_NMZ/IMG_20220410_230329_nmz.jpg;0
32f_atm_grass/20220414_132039_atm.jpg;2
12_atm_home/20220402_224709_atm.jpg;2
24_jlk_whitetrianglewithlines/IMG_1181_jlk.jpg;0
11_NMZ/IMG_20220410_234439_nmz.jpg;1
10_NMZ/IMG_20220410_225151_nmz.jpg;0
24_jlk_rectanglegum/IMG_1255_jlk.jpg;1
11_NMZ/IMG_20220410_234518_nmz.jpg;0
5_jlk_redruler/IMG_1021_jlk.jpg;0
22_atm_etilab/20220406_154917_atm.jpg;0
20a_atm_poolstiff/20220404_205746_atm.jpg;0
9_jlk_whitetringledominik/IMG_1154_jlk.jpg;0
33_atm_home/20220419_222008_atm.jpg;2
12_atm_home/20220402_224524_atm.jpg;2
24b_atm_auchan/20220410_162309_atm.jpg;2
24_jlk_rectanglegum/IMG_1680_jlk.jpg;1
9e_atm_eti/20220401_132603_atm.jpg;2
24_jlk_rectanglegum/IMG_1387_jlk.jpg;1
63_NMZ/1650548634719_nmz.jpg;2
24_jlk_rectanglegum/IMG_1096_jlk.jpg;1
32c_atm_town/20220419_194002_atm.jpg;1
61_NMZ/1650548686094_nmz.jpg;0
32d_atm_spectrum/20220419_202243_atm.jpg;0
9_jlk_whitetringledominik/IMG_1155_jlk.jpg;0
80_NMZ/1650548803036_nmz.jpg;0
44_jlk_greygum/IMG_1681_jlk.jpg;1
24_jlk_rectanglegum/IMG_1108_jlk.jpg;1
22_atm_etilab/20220406_154134_atm.jpg;0
11_NMZ/IMG_20220411_004903_nmz.jpg;1
22_atm_etilab/20220406_154754_atm.jpg;0
32d_atm_spectrum/20220414_131810_atm.jpg;0
24_jlk_rectanglegum/IMG_1256_jlk.jpg;1
11_NMZ/IMG_20220411_004552_nmz.jpg;2
10_NMZ/IMG_20220410_224652_nmz.jpg;2
33_atm_home/20220419_222300_atm.jpg;2
22_jlk_colorfulpencil/IMG_1077_jlk.jpg;2
12_atm_home/20220402_224723_atm.jpg;2
22_atm_etilab/20220406_154527_atm.jpg;2
9e_atm_eti/20220401_114137_atm.jpg;1
82_NMZ/1650548802927_nmz.jpg;0
9e_atm_eti/20220401_133136_atm.jpg;0
9g_atm_eti/20220401_115044_atm.jpg;2
6_yellow_gum/IMG_1295_jlk.jpg;1
25_jlk_darkruller/IMG_1071_jlk.jpg;2
8_jlk_bluepencil/IMG_1462_jlk.jpg;2
7_jlk_whiterullerdoni/IMG_1004_jlk.jpg;0
6_yellow_gum/IMG_1012_jlk.jpg;1
9_jlk_whitetringledominik/IMG_1176_jlk.jpg;0
7_jlk_whiterullerdoni/IMG_1003_jlk.jpg;0
32g_atm_lake/20220419_203038_atm.jpg;2
24b_atm_auchan/20220410_155720_atm.jpg;2
9_jlk_whitetringledominik/IMG_1049_jlk.jpg;0
20b_atm_pooltr/20220404_211014_atm.jpg;2
20d_poolpair/20220404_210559_atm.jpg;2
11_NMZ/IMG_20220410_234345_nmz.jpg;2
20d_poolpair/20220404_210624_atm.jpg;1
32h_atm_town/20220419_195007_atm.jpg;2
9f_atm_eti/20220401_131743_atm.jpg;2
10_NMZ/IMG_20220410_224114_nmz.jpg;2
24a_atm_auchan/20220410_162857_atm.jpg;0
33_atm_home/20220419_222232_atm.jpg;2
25_jlk_darkruller/IMG_1133_jlk.jpg;0
64_NMZ/1650548634714_nmz.jpg;2
7_jlk_whiterullerdoni/IMG_0999_jlk.jpg;0
20a_atm_poolstiff/20220404_205755_atm.jpg;0
21_atm_forum/20220405_183315_atm.jpg;1
60_NMZ/1650548686106_nmz.jpg;1
21_atm_forum/20220405_183806_atm.jpg;1
39_jlk_lightbluepen/IMG_1315_jlk.jpg;2
23_jlk_shortblackpencil/IMG_1140_jlk.jpg;2
22_atm_etilab/20220406_154519_atm.jpg;1
81_NMZ/1650548802872_nmz.jpg;0
32g_atm_lake/20220414_173034_atm.jpg;1
24b_atm_auchan/20220410_161953_atm.jpg;2
9g_atm_eti/20220401_120342_atm.jpg;0
24b_atm_auchan/20220410_163322_atm.jpg;0
20b_atm_pooltr/20220404_211340_atm.jpg;0
22_jlk_colorfulpencil/IMG_1139_jlk.jpg;2
9g_atm_eti/20220401_115604_atm.jpg;2
22_atm_etilab/20220406_154127_atm.jpg;0
68_NMZ/1650548634728_nmz.jpg;2
32d_atm_spectrum/20220419_193727_atm.jpg;1
9_jlk_whitetringledominik/IMG_1180_jlk.jpg;0
25_jlk_darkruller/IMG_1051_jlk.jpg;0
11_atm_localshop/20220401_155321_atm.jpg;0
5_jlk_redruler/IMG_1300_jlk.jpg;0
32g_atm_lake/20220419_201407_atm.jpg;2
21_atm_forum/20220405_183330_atm.jpg;1
39_jlk_lightbluepen/IMG_1316_jlk.jpg;2
32h_atm_town/20220419_193107_atm.jpg;2
9g_atm_eti/20220401_120316_atm.jpg;0
22_atm_etilab/20220406_154200_atm.jpg;0
9_jlk_whitetringledominik/IMG_1196_jlk.jpg;0
32c_atm_town/20220419_193156_atm.jpg;0
20a_atm_poolstiff/20220404_211441_atm.jpg;0
24_jlk_whitetrianglewithlines/IMG_1200_jlk.jpg;0
11_NMZ/IMG_20220411_004837_nmz.jpg;1
22_jlk_colorfulpencil/IMG_1150_jlk.jpg;2
24_jlk_rectanglegum/IMG_1280_jlk.jpg;1
70_NMZ/1650548634632_nmz.jpg;2
23_jlk_shortblackpencil/IMG_1084_jlk.jpg;1
5_jlk_redruler/IMG_1010_jlk.jpg;0
9f_atm_eti/20220401_115029_atm.jpg;2
22_atm_etilab/20220406_154648_atm.jpg;1
24_jlk_rectanglegum/IMG_1097_jlk.jpg;1
6_yellow_gum/IMG_1019_jlk.jpg;1
9f_atm_eti/20220401_132943_atm.jpg;2
32g_atm_lake/20220419_193634_atm.jpg;2
22_atm_etilab/20220406_154426_atm.jpg;2
24_jlk_rectanglegum/IMG_1279_jlk.jpg;1
71_NMZ/1650548634637_nmz.jpg;2
33_atm_home/20220419_222021_atm.jpg;2
11_NMZ/IMG_20220410_234715_nmz.jpg;0
76_NMZ/1650548634746_nmz.jpg;2
6_yellow_gum/IMG_1454_jlk.jpg;1
33_atm_home/20220419_221946_atm.jpg;2
46_jlk_usedmushroomgum/IMG_1642_jlk.jpg;1
83_NMZ/1650548802938_nmz.jpg;2
20b_atm_pooltr/20220404_205957_atm.jpg;0
32d_atm_spectrum/20220414_172709_atm.jpg;0
32d_atm_spectrum/20220419_203426_atm.jpg;1
33_atm_home/20220419_222307_atm.jpg;2
32g_atm_lake/20220419_194634_atm.jpg;2
11_NMZ/IMG_20220410_234548_nmz.jpg;0
21_atm_forum/20220405_183253_atm.jpg;1
82_NMZ/1650548802887_nmz.jpg;0
24_jlk_rectanglegum/IMG_1103_jlk.jpg;1
9g_atm_eti/20220401_134900_atm.jpg;2
20b_atm_pooltr/20220404_205912_atm.jpg;0
23_jlk_shortblackpencil/IMG_1221_jlk.jpg;2
72_NMZ/1650548634677_nmz.jpg;2
21_atm_forum/20220405_183801_atm.jpg;1
32d_atm_spectrum/20220419_194933_atm.jpg;0
32g_atm_lake/20220414_173600_atm.jpg;2
81_NMZ/1650548803050_nmz.jpg;0
80_NMZ/1650548802917_nmz.jpg;0
20e_atm_pooldark/20220404_211128_atm.jpg;2
32c_atm_town/20220414_172528_atm.jpg;0
20e_atm_pooldark/20220404_210514_atm.jpg;2
24b_atm_auchan/20220410_163024_atm.jpg;0
24b_atm_auchan/20220410_161847_atm.jpg;2
24_jlk_whitetrianglewithlines/IMG_1068_jlk.jpg;0
12_atm_home/20220402_124627_atm.jpg;2
20c_atm_poolg/20220404_210710_atm.jpg;1
12_atm_home/20220402_145035_atm.jpg;1
24a_atm_auchan/20220410_162829_atm.jpg;1
82_NMZ/1650548802846_nmz.jpg;0
33_atm_home/20220419_222240_atm.jpg;1
77_NMZ/1650548634734_nmz.jpg;1
32g_atm_lake/20220414_182933_atm.jpg;1
25_jlk_darkruller/IMG_1036_jlk.jpg;0
24b_atm_auchan/20220410_162048_atm.jpg;2
9_jlk_whitetringledominik/IMG_1201_jlk.jpg;0
24b_atm_auchan/20220410_162243_atm.jpg;0
32d_atm_spectrum/20220419_202842_atm.jpg;1
46_jlk_usedmushroomgum/IMG_1698_jlk.jpg;1
10_NMZ/IMG_20220410_225722_nmz.jpg;0
22_atm_etilab/20220406_154330_atm.jpg;2
8_jlk_bluepencil/IMG_1023_jlk.jpg;2
9_jlk_whitetringledominik/IMG_1048_jlk.jpg;0
32g_atm_lake/20220414_132341_atm.jpg;0
24_jlk_rectanglegum/IMG_1242_jlk.jpg;1
20c_atm_poolg/20220404_210220_atm.jpg;1
24_jlk_rectanglegum/IMG_1647_jlk.jpg;1
11_atm_localshop/20220401_155507_atm.jpg;2
22_atm_etilab/20220406_154443_atm.jpg;2
24_jlk_rectanglegum/IMG_1433_jlk.jpg;1
22_jlk_colorfulpencil/IMG_1227_jlk.jpg;2
11_NMZ/IMG_20220410_234640_nmz.jpg;0
5_jlk_redruler/IMG_1459_jlk.jpg;0
45_jlk_usedroundgum/IMG_1383_jlk.jpg;1
9_jlk_whitetringledominik/IMG_1175_jlk.jpg;0
24a_atm_auchan/20220410_161926_atm.jpg;0
24_jlk_rectanglegum/IMG_1696_jlk.jpg;1
11_NMZ/IMG_20220411_004632_nmz.jpg;2
20d_poolpair/20220404_210946_atm.jpg;2
23_jlk_shortblackpencil/IMG_1145_jlk.jpg;2
9f_atm_eti/20220401_134022_atm.jpg;1
32d_atm_spectrum/20220419_194257_atm.jpg;1
20_NMZ/1650548503890_nmz.jpg;2
32b_atm_blue/20220419_193915_atm.jpg;0
9_jlk_whitetringledominik/IMG_1076_jlk.jpg;0
9_jlk_whitetringledominik/IMG_1183_jlk.jpg;1
9_jlk_whitetringledominik/IMG_1442_jlk.jpg;0
11_atm_localshop/20220401_155121_atm.jpg;2
33_atm_home/20220419_221950_atm.jpg;0
12_atm_home/20220402_125017_atm.jpg;2
39_jlk_lightbluepen/IMG_1312_jlk.jpg;0
10_NMZ/IMG_20220410_223855_nmz.jpg;2
23_jlk_shortblackpencil/IMG_1195_jlk.jpg;2
9_jlk_whitetringledominik/IMG_1065_jlk.jpg;0
9e_atm_eti/20220401_131955_atm.jpg;0
81_NMZ/1650548802968_nmz.jpg;0
24_jlk_rectanglegum/IMG_1662_jlk.jpg;1
20d_poolpair/20220404_210654_atm.jpg;2
32d_atm_spectrum/20220419_202748_atm.jpg;0
24_jlk_whitetrianglewithlines/IMG_1215_jlk.jpg;0
24b_atm_auchan/20220410_155733_atm.jpg;2
20d_poolpair/20220404_211054_atm.jpg;0
32d_atm_spectrum/20220419_203117_atm.jpg;0
22_jlk_colorfulpencil/IMG_1204_jlk.jpg;2
20b_atm_pooltr/20220404_210027_atm.jpg;0
32h_atm_town/20220419_193400_atm.jpg;2
80_NMZ/1650548802852_nmz.jpg;0
12_atm_home/20220402_224425_atm.jpg;0
25_jlk_darkruller/IMG_1173_jlk.jpg;0
20b_atm_pooltr/20220404_205700_atm.jpg;0
20c_atm_poolg/20220404_210148_atm.jpg;1
9f_atm_eti/20220401_131755_atm.jpg;0
32d_atm_spectrum/20220419_194717_atm.jpg;1
32f_atm_grass/20220414_132455_atm.jpg;2
23_jlk_shortblackpencil/IMG_1060_jlk.jpg;2
5_jlk_redruler/IMG_1034_jlk.jpg;0
6_yellow_gum/IMG_1457_jlk.jpg;1
8_jlk_bluepencil/IMG_1452_jlk.jpg;2
79_NMZ/1650548802978_nmz.jpg;0
25_jlk_darkruller/IMG_1080_jlk.jpg;0
33_atm_home/20220419_221922_atm.jpg;2
20a_atm_poolstiff/20220404_205628_atm.jpg;0
39_jlk_lightbluepen/IMG_1309_jlk.jpg;2
24_jlk_whitetrianglewithlines/IMG_1078_jlk.jpg;0
20a_atm_poolstiff/20220404_205714_atm.jpg;0
32c_atm_town/20220414_131143_atm.jpg;1
32f_atm_grass/20220414_132649_atm.jpg;2
24_jlk_rectanglegum/IMG_1101_jlk.jpg;1
24_jlk_whitetrianglewithlines/IMG_1137_jlk.jpg;0
8_jlk_bluepencil/IMG_1042_jlk.jpg;2
11_NMZ/IMG_20220410_234250_nmz.jpg;2
23_jlk_shortblackpencil/IMG_1225_jlk.jpg;0
62_NMZ/1650548634628_nmz.jpg;2
33_atm_home/20220419_222102_atm.jpg;2
80_NMZ/1650548803059_nmz.jpg;0
25_NMZ/1650548604258_nmz.jpg;2
25_jlk_darkruller/IMG_1188_jlk.jpg;0
20d_poolpair/20220404_210351_atm.jpg;1
22_atm_etilab/20220406_154540_atm.jpg;2
32b_atm_blue/20220414_172032_atm.jpg;0
20d_poolpair/20220404_211310_atm.jpg;2
78_NMZ/1650548802880_nmz.jpg;0
23_jlk_shortblackpencil/IMG_1064_jlk.jpg;2
69_NMZ/1650548634691_nmz.jpg;2
22_jlk_colorfulpencil/IMG_1056_jlk.jpg;0
22_NMZ/1650548503824_nmz.jpg;2
10_NMZ/IMG_20220410_223606_nmz.jpg;2
22_jlk_colorfulpencil/IMG_1190_jlk.jpg;2
20a_atm_poolstiff/20220404_205831_atm.jpg;0
24_jlk_rectanglegum/IMG_1435_jlk.jpg;1
24_jlk_rectanglegum/IMG_1436_jlk.jpg;2
24_jlk_rectanglegum/IMG_1431_jlk.jpg;1
9f_atm_eti/20220401_133952_atm.jpg;1
10_NMZ/IMG_20220410_225957_nmz.jpg;1
44_jlk_greygum/IMG_1697_jlk.jpg;1
25_jlk_darkruller/IMG_1197_jlk.jpg;1
24_NMZ/1650548604232_nmz.jpg;2
24a_atm_auchan/20220410_162142_atm.jpg;2
65_NMZ/1650548634697_nmz.jpg;2
20a_atm_poolstiff/20220404_205927_atm.jpg;1
10_NMZ/IMG_20220410_224352_nmz.jpg;2
11_NMZ/IMG_20220410_234221_nmz.jpg;2
20b_atm_pooltr/20220404_205636_atm.jpg;0
9g_atm_eti/20220401_120254_atm.jpg;0
22_atm_etilab/20220406_154409_atm.jpg;2
22_atm_etilab/20220406_155455_atm.jpg;2
25_NMZ/1650548604197_nmz.jpg;2
21_NMZ/1650548604227_nmz.jpg;2
22_jlk_colorfulpencil/IMG_1174_jlk.jpg;2
9_jlk_whitetringledominik/IMG_1061_jlk.jpg;0
9g_atm_eti/20220401_120222_atm.jpg;2
24a_atm_auchan/20220410_155853_atm.jpg;2
75_NMZ/1650548634708_nmz.jpg;2
24a_atm_auchan/20220410_162507_atm.jpg;0
12_atm_home/20220402_124315_atm.jpg;2
9e_atm_eti/20220401_140035_atm.jpg;1
24a_atm_auchan/20220410_162020_atm.jpg;0
32d_atm_spectrum/20220419_193529_atm.jpg;1
24b_atm_auchan/20220410_162536_atm.jpg;2
24_jlk_rectanglegum/IMG_1277_jlk.jpg;1
9f_atm_eti/20220401_114608_atm.jpg;2
24b_atm_auchan/20220410_163118_atm.jpg;1
24b_atm_auchan/20220410_161908_atm.jpg;1
32d_atm_spectrum/20220414_131925_atm.jpg;0
9_jlk_whitetringledominik/IMG_1089_jlk.jpg;0
9e_atm_eti/20220401_140723_atm.jpg;1
24_jlk_rectanglegum/IMG_1278_jlk.jpg;1
20d_poolpair/20220404_211157_atm.jpg;2
9g_atm_eti/20220401_132228_atm.jpg;2
9e_atm_eti/20220401_133228_atm.jpg;0
7_jlk_whiterullerdoni/IMG_0997_jlk.jpg;0
9_jlk_whitetringledominik/IMG_1224_jlk.jpg;0
61_NMZ/1650548686100_nmz.jpg;2
20a_atm_poolstiff/20220404_205736_atm.jpg;0
20a_atm_poolstiff/20220404_205648_atm.jpg;0
24_jlk_whitetrianglewithlines/IMG_1179_jlk.jpg;1
9f_atm_eti/20220401_134341_atm.jpg;1
32d_atm_spectrum/20220414_173440_atm.jpg;1
32i_atm_late/20220419_202712_atm.jpg;2
32i_atm_late/20220419_200108_atm.jpg;2
17b_atm_morenasm/20220404_124053_atm.jpg;2
17a_atm_morenag/20220404_124804_atm.jpg;1
43_NMZ/1650548729783_nmz.jpg;0
27_atm_homeshirt/20220414_152044_atm.jpg;0
84_NMZ/1650548802909_nmz.jpg;0
25b_atm_forest/20220410_195431_atm.jpg;0
26c_atm_postcjo/20220412_192710_atm.jpg;0
32i_atm_late/20220419_200143_atm.jpg;2
26b_atm_cjo/20220411_110537_atm.jpg;1
26c_atm_postcjo/20220412_170445_atm.jpg;2
25a_atm_forest/20220410_193812_atm.jpg;1
26c_atm_postcjo/20220413_193701_atm.jpg;0
27_NMZ/1650548503798_nmz.jpg;2
27_atm_homeshirt/20220414_151005_atm.jpg;2
17b_atm_morenasm/20220404_123639_atm.jpg;2
26a_atm_cjotr/20220412_193001_atm.jpg;0
41_NMZ/1650548729747_nmz.jpg;0
17b_atm_morenasm/20220404_123458_atm.jpg;2
26b_atm_cjo/20220411_110827_atm.jpg;0
26a_atm_cjotr/20220412_192823_atm.jpg;0
41_NMZ/1650548729571_nmz.jpg;0
25a_atm_forest/20220410_192432_atm.jpg;0
26a_atm_cjotr/20220412_192908_atm.jpg;0
26c_atm_postcjo/20220412_193116_atm.jpg;1
26a_atm_cjotr/20220411_114011_atm.jpg;0
25b_atm_forest/20220410_194032_atm.jpg;2
25b_atm_forest/20220410_192740_atm.jpg;2
26a_atm_cjotr/20220411_110609_atm.jpg;0
44_NMZ/1650548729640_nmz.jpg;0
26a_atm_cjotr/20220412_170430_atm.jpg;0
32i_atm_late/20220419_203247_atm.jpg;0
26b_atm_cjo/20220411_114020_atm.jpg;0
26b_atm_cjo/20220411_110348_atm.jpg;0
39_NMZ/1650548604187_nmz.jpg;2
27_atm_homeshirt/20220414_154448_atm.jpg;2
17b_atm_morenasm/20220404_123719_atm.jpg;1
26a_atm_cjotr/20220411_113613_atm.jpg;0
37_NMZ/1650548503907_nmz.jpg;2
25a_atm_forest/20220410_194452_atm.jpg;0
26a_atm_cjotr/20220412_193019_atm.jpg;0
26b_atm_cjo/20220411_113948_atm.jpg;1
43_NMZ/1650548729615_nmz.jpg;0
43_NMZ/1650548729710_nmz.jpg;0
25a_atm_forest/20220410_193540_atm.jpg;2
41_NMZ/1650548729703_nmz.jpg;0
26b_atm_cjo/20220411_113636_atm.jpg;0
26c_atm_postcjo/20220412_170338_atm.jpg;0
27_atm_homeshirt/20220414_154416_atm.jpg;0
26a_atm_cjotr/20220411_110515_atm.jpg;0
26b_atm_cjo/20220411_110300_atm.jpg;0
32i_atm_late/20220419_201103_atm.jpg;2
26c_atm_postcjo/20220412_193040_atm.jpg;2
40_NMZ/1650548503948_nmz.jpg;2
25a_atm_forest/20220410_191930_atm.jpg;0
33_NMZ/1650548503860_nmz.jpg;2
27_atm_homeshirt/20220414_151029_atm.jpg;2
32i_atm_late/20220419_195253_atm.jpg;2
26b_atm_cjo/20220411_113843_atm.jpg;0
25a_atm_forest/20220410_195030_atm.jpg;1
17b_atm_morenasm/20220404_123521_atm.jpg;2
25b_atm_forest/20220410_193818_atm.jpg;0
27_atm_homeshirt/20220414_151557_atm.jpg;0
27_atm_homeshirt/20220414_150959_atm.jpg;2
42_NMZ/1650548729791_nmz.jpg;0
25b_atm_forest/20220410_193828_atm.jpg;0
26b_atm_cjo/20220411_111214_atm.jpg;2
26a_atm_cjotr/20220411_113952_atm.jpg;0
17a_atm_morenag/20220404_124833_atm.jpg;1
25b_atm_forest/20220410_195531_atm.jpg;0
32i_atm_late/20220419_203409_atm.jpg;2
17a_atm_morenag/20220404_124952_atm.jpg;1
17a_atm_morenag/20220404_125321_atm.jpg;1
27_atm_homeshirt/20220414_151828_atm.jpg;0
25b_atm_forest/20220410_193804_atm.jpg;2
16_NMZ/1650548604243_nmz.jpg;2
26c_atm_postcjo/20220412_160931_atm.jpg;0
27_atm_homeshirt/20220414_154325_atm.jpg;1
27_atm_homeshirt/20220414_154515_atm.jpg;2
25b_atm_forest/20220410_191808_atm.jpg;0
26a_atm_cjotr/20220412_192719_atm.jpg;0
26c_atm_postcjo/20220412_160929_atm.jpg;2
26b_atm_cjo/20220411_113923_atm.jpg;0
42_NMZ/1650548729577_nmz.jpg;0
25b_atm_forest/20220410_192604_atm.jpg;0
27_atm_homeshirt/20220414_151853_atm.jpg;2
25a_atm_forest/20220410_195100_atm.jpg;2
26_NMZ/1650548503901_nmz.jpg;2
26a_atm_cjotr/20220412_192714_atm.jpg;1
27_atm_homeshirt/20220414_151602_atm.jpg;2
43_NMZ/1650548729740_nmz.jpg;0
17a_atm_morenag/20220404_125332_atm.jpg;1
26a_atm_cjotr/20220412_160854_atm.jpg;0
26a_atm_cjotr/20220412_192838_atm.jpg;1
26b_atm_cjo/20220411_112340_atm.jpg;0
25a_atm_forest/20220410_191836_atm.jpg;2
26b_atm_cjo/20220411_110755_atm.jpg;2
27_atm_homeshirt/20220414_154542_atm.jpg;2
17b_atm_morenasm/20220404_124307_atm.jpg;1
17_NMZ/1650548604238_nmz.jpg;2
15_NMZ/1650548604213_nmz.jpg;2
17b_atm_morenasm/20220404_124235_atm.jpg;2
26c_atm_postcjo/20220412_192748_atm.jpg;0
41_NMZ/1650548729679_nmz.jpg;0
17a_atm_morenag/20220404_124900_atm.jpg;1
25a_atm_forest/20220410_194531_atm.jpg;2
25a_atm_forest/20220410_194502_atm.jpg;0
17b_atm_morenasm/20220404_123748_atm.jpg;2
32i_atm_late/20220419_203547_atm.jpg;2
26b_atm_cjo/20220411_110332_atm.jpg;0
25b_atm_forest/20220410_191910_atm.jpg;0
25b_atm_forest/20220410_194520_atm.jpg;1
26b_atm_cjo/20220411_110732_atm.jpg;0
27_atm_homeshirt/20220414_154346_atm.jpg;0
25a_atm_forest/20220410_191746_atm.jpg;0
26a_atm_cjotr/20220411_110710_atm.jpg;0
26a_atm_cjotr/20220413_193703_atm.jpg;0
17a_atm_morenag/20220404_124941_atm.jpg;1
43_NMZ/1650548729696_nmz.jpg;0
17b_atm_morenasm/20220404_124029_atm.jpg;2
17b_atm_morenasm/20220404_124132_atm.jpg;2
25b_atm_forest/20220410_192003_atm.jpg;0
17b_atm_morenasm/20220404_124156_atm.jpg;0
25a_atm_forest/20220410_192138_atm.jpg;2
26c_atm_postcjo/20220412_160927_atm.jpg;2
25a_atm_forest/20220410_192021_atm.jpg;2
32i_atm_late/20220419_195755_atm.jpg;2
26a_atm_cjotr/20220411_110417_atm.jpg;0
27_atm_homeshirt/20220414_151011_atm.jpg;2
44_NMZ/1650548729776_nmz.jpg;0
26b_atm_cjo/20220411_111328_atm.jpg;0
34_NMZ/1650548604221_nmz.jpg;0
25a_atm_forest/20220410_192114_atm.jpg;1
25b_atm_forest/20220410_193510_atm.jpg;0
25a_atm_forest/20220410_193037_atm.jpg;0
84_NMZ/1650548803014_nmz.jpg;0
26c_atm_postcjo/20220412_160923_atm.jpg;2
17a_atm_morenag/20220404_124824_atm.jpg;1
25a_atm_forest/20220410_193303_atm.jpg;0
25a_atm_forest/20220410_192707_atm.jpg;2
84_NMZ/1650548802993_nmz.jpg;0
35_NMZ/1650548604207_nmz.jpg;2
26c_atm_postcjo/20220412_160910_atm.jpg;2
32i_atm_late/20220419_200034_atm.jpg;0
25a_atm_forest/20220410_194444_atm.jpg;2
17b_atm_morenasm/20220404_123621_atm.jpg;2
25b_atm_forest/20220410_192822_atm.jpg;0
26c_atm_postcjo/20220412_192739_atm.jpg;1
26b_atm_cjo/20220411_110403_atm.jpg;1
27_atm_homeshirt/20220414_151951_atm.jpg;1
26b_atm_cjo/20220411_113727_atm.jpg;2
44_NMZ/1650548729584_nmz.jpg;0
38_NMZ/1650548503919_nmz.jpg;2
17b_atm_morenasm/20220404_123509_atm.jpg;2
84_NMZ/1650548802986_nmz.jpg;0
26b_atm_cjo/20220411_110637_atm.jpg;1
25a_atm_forest/20220410_192505_atm.jpg;0
44_NMZ/1650548729632_nmz.jpg;0
17a_atm_morenag/20220404_124843_atm.jpg;1
32i_atm_late/20220419_203019_atm.jpg;2
26c_atm_postcjo/20220412_160941_atm.jpg;2
84_NMZ/1650548802840_nmz.jpg;0
25b_atm_forest/20220410_192932_atm.jpg;1
38_NMZ/1650548503913_nmz.jpg;0
13a_atm_darkogrod/20220402_230351_atm.jpg;0
3_NMZ/IMG_20220409_134351_nmz.jpg;2
13a_atm_darkogrod/20220402_230508_atm.jpg;1
5_atm_snow/20220330_092842_atm.jpg;2
12_NMZ/IMG_20220411_111254_nmz.jpg;2
6_NMZ/IMG_20220409_161946_nmz.jpg;0
4_NMZ/IMG_20220409_142308_nmz.jpg;2
6_NMZ/IMG_20220409_164115_nmz.jpg;0
14_atm_localshop2/20220403_142235_atm.jpg;2
3_NMZ/IMG_20220409_140112_nmz.jpg;1
5_NMZ/IMG_20220409_152151_nmz.jpg;2
2_atm_homeback/20220310_184144_atm.jpg;2
3_NMZ/IMG_20220409_135921_nmz.jpg;2
12_NMZ/IMG_20220411_110126_nmz.jpg;2
13b_atm_darkogrod/20220402_231134_atm.jpg;2
3_NMZ/IMG_20220409_134631_nmz.jpg;0
5_atm_snow/20220330_090345_atm.jpg;2
13a_atm_darkogrod/20220402_230214_atm.jpg;2
6_NMZ/IMG_20220409_154924_nmz.jpg;2
13a_atm_darkogrod/20220402_225120_atm.jpg;0
2_atm_homeback/20220310_184321_atm.jpg;0
13a_atm_darkogrod/20220402_230444_atm.jpg;1
13b_atm_darkogrod/20220402_225624_atm.jpg;2
13a_atm_darkogrod/20220402_230658_atm.jpg;2
14_atm_localshop2/20220403_141410_atm.jpg;0
3_atm_seti/20220318_101347_atm.jpg;2
6_NMZ/IMG_20220409_163148_nmz.jpg;0
1_NMZ/IMG_20220406_154725_nmz.jpg;0
5_atm_snow/20220330_090042_atm.jpg;2
13a_atm_darkogrod/20220402_230251_atm.jpg;2
4_NMZ/IMG_20220409_141619_nmz.jpg;0
13b_atm_darkogrod/20220402_231305_atm.jpg;2
1_NMZ/IMG_20220406_154208_nmz.jpg;1
6_NMZ/IMG_20220409_155931_nmz.jpg;2
6_NMZ/IMG_20220409_160747_nmz.jpg;2
12_NMZ/IMG_20220411_110339_nmz.jpg;2
6_NMZ/IMG_20220409_154521_nmz.jpg;2
3_NMZ/IMG_20220409_135823_nmz.jpg;2
4_NMZ/IMG_20220409_144049_nmz.jpg;2
14_atm_localshop2/20220403_142149_atm.jpg;1
12_NMZ/IMG_20220411_110429_nmz.jpg;2
4_NMZ/IMG_20220409_141242_nmz.jpg;1
13a_atm_darkogrod/20220402_230408_atm.jpg;0
2_NMZ/IMG_20220409_133206_nmz.jpg;2
1_NMZ/IMG_20220406_154645_nmz.jpg;0
5_NMZ/IMG_20220409_152456_nmz.jpg;1
12_NMZ/IMG_20220411_111044_nmz.jpg;2
4_NMZ/IMG_20220409_142436_nmz.jpg;2
13b_atm_darkogrod/20220402_225154_atm.jpg;0
5_atm_snow/20220330_090359_atm.jpg;2
13b_atm_darkogrod/20220402_231755_atm.jpg;0
13a_atm_darkogrod/20220402_230041_atm.jpg;0
4_NMZ/IMG_20220409_141309_nmz.jpg;0
5_NMZ/IMG_20220409_151500_nmz.jpg;2
6_NMZ/IMG_20220409_155332_nmz.jpg;2
2_NMZ/IMG_20220409_133235_nmz.jpg;2
12_NMZ/IMG_20220411_111602_nmz.jpg;0
12_NMZ/IMG_20220411_114745_nmz.jpg;0
12_NMZ/IMG_20220411_121839_nmz.jpg;2
4_NMZ/IMG_20220409_141746_nmz.jpg;0
14_atm_localshop2/20220403_141907_atm.jpg;2
12_NMZ/IMG_20220411_111208_nmz.jpg;2
3_NMZ/IMG_20220409_135316_nmz.jpg;0
1_NMZ/IMG_20220406_154900_nmz.jpg;0
4_NMZ/IMG_20220409_143059_nmz.jpg;2
14_atm_localshop2/20220403_141108_atm.jpg;1
3_NMZ/IMG_20220409_135210_nmz.jpg;1
1_NMZ/IMG_20220406_154620_nmz.jpg;1
6_NMZ/IMG_20220409_155116_nmz.jpg;2
14_atm_localshop2/20220403_142050_atm.jpg;0
13b_atm_darkogrod/20220402_230601_atm.jpg;1
13_NMZ/1650548503936_nmz.jpg;2
14_atm_localshop2/20220403_141247_atm.jpg;2
4_NMZ/IMG_20220409_141600_nmz.jpg;0
6_NMZ/IMG_20220409_161900_nmz.jpg;0
12_NMZ/IMG_20220411_141244_nmz.jpg;2
13b_atm_darkogrod/20220402_225047_atm.jpg;2
2_atm_homeback/20220310_184250_atm.jpg;1
3_NMZ/IMG_20220409_134404_nmz.jpg;2
5_atm_snow/20220330_090327_atm.jpg;0
13b_atm_darkogrod/20220402_224746_atm.jpg;2
13a_atm_darkogrod/20220402_231639_atm.jpg;2
3_NMZ/IMG_20220409_140431_nmz.jpg;2
12_NMZ/IMG_20220411_111702_nmz.jpg;0
13b_atm_darkogrod/20220402_231341_atm.jpg;2
13b_atm_darkogrod/20220402_231335_atm.jpg;0
13a_atm_darkogrod/20220402_230329_atm.jpg;2
4_NMZ/IMG_20220409_142503_nmz.jpg;2
0_atm_random/20220401_133317_atm.jpg;1
12_NMZ/IMG_20220411_111123_nmz.jpg;2
1_NMZ/IMG_20220406_154704_nmz.jpg;0
14_atm_localshop2/20220403_142023_atm.jpg;0
2_atm_homeback/20220310_184219_atm.jpg;0
4_NMZ/IMG_20220409_143920_nmz.jpg;2
13b_atm_darkogrod/20220402_225007_atm.jpg;2
12_NMZ/IMG_20220411_105836_nmz.jpg;2
1_NMZ/IMG_20220406_154552_nmz.jpg;0
12_NMZ/IMG_20220411_111731_nmz.jpg;0
6_NMZ/IMG_20220409_160604_nmz.jpg;2
13a_atm_darkogrod/20220402_230716_atm.jpg;0
12_NMZ/IMG_20220411_110806_nmz.jpg;1
13a_atm_darkogrod/20220402_230524_atm.jpg;2
13a_atm_darkogrod/20220402_231223_atm.jpg;2
13b_atm_darkogrod/20220402_225409_atm.jpg;2
3_NMZ/IMG_20220409_135054_nmz.jpg;0
13b_atm_darkogrod/20220402_225217_atm.jpg;0
5_atm_snow/20220330_090417_atm.jpg;1
14_NMZ/1650548503877_nmz.jpg;2
3_NMZ/IMG_20220409_140025_nmz.jpg;1
6_NMZ/IMG_20220409_163632_nmz.jpg;2
13b_atm_darkogrod/20220402_225548_atm.jpg;2
12_NMZ/IMG_20220411_110635_nmz.jpg;1
13b_atm_darkogrod/20220402_225335_atm.jpg;2
14_atm_localshop2/20220403_141849_atm.jpg;2
6_NMZ/IMG_20220409_164621_nmz.jpg;0
3_NMZ/IMG_20220409_135035_nmz.jpg;0
12_NMZ/IMG_20220411_111436_nmz.jpg;0
13b_atm_darkogrod/20220402_225828_atm.jpg;0
6_NMZ/IMG_20220409_164453_nmz.jpg;0
3_NMZ/IMG_20220409_134914_nmz.jpg;0
5_atm_snow/20220330_092816_atm.jpg;1
13b_atm_darkogrod/20220402_231153_atm.jpg;2
13a_atm_darkogrod/20220402_230133_atm.jpg;0
14_atm_localshop2/20220403_141429_atm.jpg;2
3_NMZ/IMG_20220409_140139_nmz.jpg;1
3_NMZ/IMG_20220409_134756_nmz.jpg;1
1_NMZ/IMG_20220406_154745_nmz.jpg;0
4_NMZ/IMG_20220409_142150_nmz.jpg;2
6_NMZ/IMG_20220409_162213_nmz.jpg;0
13a_atm_darkogrod/20220402_230008_atm.jpg;2
6_NMZ/IMG_20220409_164254_nmz.jpg;1
2_atm_homeback/20220310_184155_atm.jpg;2
13b_atm_darkogrod/20220402_225722_atm.jpg;2
6_NMZ/IMG_20220409_162319_nmz.jpg;0
12_NMZ/IMG_20220411_111616_nmz.jpg;0
14_atm_localshop2/20220403_141010_atm.jpg;2
5_NMZ/IMG_20220409_152420_nmz.jpg;1
3_NMZ/IMG_20220409_135351_nmz.jpg;0
6_NMZ/IMG_20220409_163748_nmz.jpg;0
14_atm_localshop2/20220403_141832_atm.jpg;0
32_jlk_greenpenandorangepen/IMG_1342_jlk.jpg;2
50_jlk_penwithhouses/IMG_1337_jlk.jpg;2
32_jlk_greenpenandorangepen/IMG_1348_jlk.jpg;2
34_jlk_greenruller/IMG_1125_jlk.jpg;0
32_jlk_greenpenandorangepen/IMG_1326_jlk.jpg;2
36_blackandredpen/IMG_1310_jlk.jpg;2
47_jlk_angrybirdgum/IMG_1106_jlk.jpg;1
32_jlk_linijkazkodemkreskowym/IMG_1094_jlk.jpg;1
32_jlk_greenpenandorangepen/IMG_1307_jlk.jpg;2
36_blackandredpen/IMG_1344_jlk.jpg;0
36_blackandredpen/IMG_1361_jlk.jpg;2
32_jlk_greenpenandorangepen/IMG_1317_jlk.jpg;2
32_jlk_linijkazkodemkreskowym/IMG_1428_jlk.jpg;0
32_jlk_greenpenandorangepen/IMG_1338_jlk.jpg;0
36_blackandredpen/IMG_1328_jlk.jpg;2
34_jlk_greenruller/IMG_1126_jlk.jpg;0
35_jlk_tlo/IMG_1351_jlk.jpg;0
32_jlk_greenpenandorangepen/IMG_1355_jlk.jpg;2
33_jlk_metalruller/IMG_1673_jlk.jpg;0
36_blackandredpen/IMG_1308_jlk.jpg;2
59_jlk_pensrozne/IMG_1306_jlk.jpg;2
36_blackandredpen/IMG_1320_jlk.jpg;2
32_jlk_greenpenandorangepen/IMG_1313_jlk.jpg;2
58_jlk_bialygumpen/IMG_1329_jlk.jpg;0
49_jlk_patrioticpencil/IMG_1645_jlk.jpg;2
52_jlk_noorpencil/IMG_1650_jlk.jpg;2
32_jlk_greenpenandorangepen/IMG_1354_jlk.jpg;2
49_jlk_patrioticpencil/IMG_1699_jlk.jpg;0
49_jlk_patrioticpencil/IMG_1644_jlk.jpg;2
59_jlk_pensrozne/IMG_1323_jlk.jpg;0
32_jlk_linijkazkodemkreskowym/IMG_1440_jlk.jpg;1
52_jlk_noorpencil/IMG_1670_jlk.jpg;2
59_jlk_pensrozne/IMG_1331_jlk.jpg;2
48_jlk_cakegum/IMG_1104_jlk.jpg;2
50_jlk_marker/IMG_1684_jlk.jpg;2
33_jlk_metalruller/IMG_1639_jlk.jpg;0
59_jlk_pensrozne/IMG_1352_jlk.jpg;2
33_jlk_metalruller/IMG_1690_jlk.jpg;0
36_blackandredpen/IMG_1359_jlk.jpg;0
52_jlk_noorpencil/IMG_1651_jlk.jpg;2
49_jlk_patrioticpencil/IMG_1667_jlk.jpg;2
36_blackandredpen/IMG_1330_jlk.jpg;2
53_jlk_britainpencil/IMG_1652_jlk.jpg;0
32_jlk_greenpenandorangepen/IMG_1341_jlk.jpg;2
58_jlk_bialygumpen/IMG_1350_jlk.jpg;2
36_blackandredpen/IMG_1318_jlk.jpg;2
50_jlk_penwithhouses/IMG_1360_jlk.jpg;2
32_jlk_linijkazkodemkreskowym/IMG_1439_jlk.jpg;0
53_jlk_britainpencil/IMG_1686_jlk.jpg;2
32_jlk_greenpenandorangepen/IMG_1333_jlk.jpg;2
33_jlk_metalruller/IMG_1659_jlk.jpg;0
50_jlk_penwithhouses/IMG_1343_jlk.jpg;2
50_jlk_penwithhouses/IMG_1305_jlk.jpg;2
36_blackandredpen/IMG_1370_jlk.jpg;2
58_jlk_bialygumpen/IMG_1339_jlk.jpg;2
34_jlk_greenruller/IMG_1124_jlk.jpg;0
52_jlk_noorpencil/IMG_1663_jlk.jpg;2
26_jdk_longruller/IMG_1072_jlk.jpg;0
31_jlk_linijkawithrow/IMG_1149_jlk.jpg;0
20_jlk_navybluepen/IMG_1321_jlk.jpg;2
21_jlk_wodenruller/IMG_1665_jlk.jpg;0
13_jlk_kangurtriangle/IMG_1297_jlk.jpg;0
11_jlk_pinkgum/IMG_1024_jlk.jpg;1
19_jlk_typicalorangepencil/IMG_1085_jlk.jpg;2
18_jlk_yellowlinikapaski/IMG_1069_jlk.jpg;0
20_jlk_navybluepen/IMG_1362_jlk.jpg;2
18_jlk_yellowlinikapaski/IMG_1166_jlk.jpg;0
13_jlk_kangurtriangle/IMG_1464_jlk.jpg;1
21_jlk_wodenruller/IMG_1695_jlk.jpg;0
10_jlk_woodenekier/IMG_1689_jlk.jpg;0
19_jlk_typicalorangepencil/IMG_1220_jlk.jpg;2
13_jlk_kangurtriangle/IMG_1031_jlk.jpg;0
20_jlk_navybluepen/IMG_1162_jlk.jpg;2
13_jlk_kangurtriangle/IMG_1014_jlk.jpg;0
20_jlk_navybluepen/IMG_1163_jlk.jpg;2
18_jlk_yellowlinikapaski/IMG_1209_jlk.jpg;0
20_jlk_navybluepen/IMG_1160_jlk.jpg;2
18_jlk_yellowlinikapaski/IMG_1055_jlk.jpg;0
26_jdk_longruller/IMG_1172_jlk.jpg;0
31_jlk_linijkawithrow/IMG_1132_jlk.jpg;0
19_jlk_typicalorangepencil/IMG_1193_jlk.jpg;2
11_jlk_pinkgum/IMG_1017_jlk.jpg;1
26_jdk_longruller/IMG_1052_jlk.jpg;0
21_jlk_wodenruller/IMG_1676_jlk.jpg;0
19_jlk_typicalorangepencil/IMG_1646_jlk.jpg;2
12_blackgumaim/IMG_1016_jlk.jpg;1
20_jlk_navybluepen/IMG_1367_jlk.jpg;2
10_jlk_woodenekier/IMG_1637_jlk.jpg;0
10_jlk_woodenekier/IMG_1661_jlk.jpg;0
18_jlk_yellowlinikapaski/IMG_1088_jlk.jpg;0
11_jlk_pinkgum/IMG_1013_jlk.jpg;2
20_jlk_navybluepen/IMG_1161_jlk.jpg;2
31_jlk_linijkawithrow/IMG_1070_jlk.jpg;0
20_jlk_navybluepen/IMG_1353_jlk.jpg;2
19_jlk_typicalorangepencil/IMG_1205_jlk.jpg;2
13_jlk_kangurtriangle/IMG_1020_jlk.jpg;0
11_jlk_pinkgum/IMG_1044_jlk.jpg;2
11_jlk_pinkgum/IMG_1458_jlk.jpg;1
20_jlk_navybluepen/IMG_1158_jlk.jpg;2
31_jlk_linijkawithrow/IMG_1054_jlk.jpg;0
20_jlk_navybluepen/IMG_1311_jlk.jpg;2
21_jlk_wodenruller/IMG_1643_jlk.jpg;0
20_jlk_navybluepen/IMG_1159_jlk.jpg;2
13_jlk_kangurtriangle/IMG_1450_jlk.jpg;0
26_jdk_longruller/IMG_1087_jlk.jpg;0
19_jlk_typicalorangepencil/IMG_1066_jlk.jpg;2
20_jlk_navybluepen/IMG_1345_jlk.jpg;2
18_jlk_yellowlinikapaski/IMG_1185_jlk.jpg;1
26_jdk_longruller/IMG_1228_jlk.jpg;0
10_jlk_woodenekier/IMG_1677_jlk.jpg;0
18_jlk_yellowlinikapaski/IMG_1226_jlk.jpg;0
31_jlk_linijkawithrow/IMG_1086_jlk.jpg;0
26_jdk_longruller/IMG_1206_jlk.jpg;0
13_jlk_kangurtriangle/IMG_1041_jlk.jpg;0
31_jlk_linijkawithrow/IMG_1216_jlk.jpg;0
12_blackgumaim/IMG_1460_jlk.jpg;1
19_jlk_typicalorangepencil/IMG_1141_jlk.jpg;2
31_jlk_linijkawithrow/IMG_1198_jlk.jpg;0
10_jlk_woodenekier/IMG_1692_jlk.jpg;0
12_blackgumaim/IMG_1303_jlk.jpg;1
18_jlk_yellowlinikapaski/IMG_1146_jlk.jpg;0
31_jlk_linijkawithrow/IMG_1234_jlk.jpg;1
26_jdk_longruller/IMG_1147_jlk.jpg;0
26_jdk_longruller/IMG_1210_jlk.jpg;0
18_jlk_yellowlinikapaski/IMG_1208_jlk.jpg;0
12_blackgumaim/IMG_1043_jlk.jpg;1
19_jlk_typicalorangepencil/IMG_1143_jlk.jpg;0
26_jdk_longruller/IMG_1128_jlk.jpg;0
20_jlk_navybluepen/IMG_1364_jlk.jpg;2
21_jlk_wodenruller/IMG_1678_jlk.jpg;0
31_jlk_linijkawithrow/IMG_1177_jlk.jpg;0
12_blackgumaim/IMG_1035_jlk.jpg;1
20_jlk_navybluepen/IMG_1366_jlk.jpg;2
18_jlk_yellowlinikapaski/IMG_1129_jlk.jpg;0
31_jlk_linijkawithrow/IMG_1187_jlk.jpg;0
11_jlk_pinkgum/IMG_1302_jlk.jpg;1
19_jlk_typicalorangepencil/IMG_1057_jlk.jpg;2
26_jdk_longruller/IMG_1184_jlk.jpg;0
19_jlk_typicalorangepencil/IMG_1169_jlk.jpg;2
34_atm_xgimp/20200823_194928b.jpg;1
34_atm_xgimp/ec1g1_atm.jpg;1
35_atm_grudz/20220501_171427.jpg;0
34_atm_xgimp/20170127_145423b.jpg;0
34_atm_xgimp/ec3l1_atm.jpg;0
34_atm_xgimp/modernHeate1_atm.jpg;0
35_atm_grudz/20220501_171414a.jpg;0
34_atm_xgimp/DSC_3307b.jpg;0
35_atm_grudz/20220501_171400.jpg;0
34_atm_xgimp/20190119_145012b.jpg;0
34_atm_xgimp/20170122_124935b.jpg;0
35_atm_grudz/20220501_171414.jpg;0
34_atm_xgimp/20220419_184333b.jpg;0
34_atm_xgimp/DSC_3604b.jpg;1
34_atm_xgimp/DSC_3305b.jpg;0
34_atm_xgimp/20191016_152128b.jpg;0
34_atm_xgimp/20170122_124925b.jpg;0
34_atm_xgimp/20191023_130526b.jpg;0
34_atm_xgimp/20220419_184251b.jpg;0
34_atm_xgimp/20220419_184456b.jpg;0
34_atm_xgimp/20210319_171910b.jpg;0
34_atm_xgimp/20220419_184319b.jpg;0
34_atm_xgimp/20200324_190306b.jpg;0
34_atm_xgimp/20191227_220929b.jpg;0
34_atm_xgimp/bad9SDSHQe1_atm.jpg;0
34_atm_xgimp/20150101_102019b.jpg;0
35_atm_grudz/20220501_183711b.jpg;0
34_atm_xgimp/20200211_140725b.jpg;0
34_atm_xgimp/DSC_3150b.jpg;0
35_atm_grudz/20220501_171450.jpg;2
35_atm_grudz/20220501_171414b.jpg;0
34_atm_xgimp/20220419_184419b.jpg;0
34_atm_xgimp/20170125_141703b.jpg;1
34_atm_xgimp/20170127_122151b.jpg;0
34_atm_xgimp/ec6g2_atm.jpg;1
34_atm_xgimp/20220419_185108b.jpg;0
34_atm_xgimp/20200408_162008b.jpg;0
35_atm_grudz/20220501_183711a.jpg;1
34_atm_xgimp/DSC_3114b.jpg;0
35_atm_grudz/20220501_183711.jpg;0
